User ID,Risk Profile
1,High
2,Low
3,Medium
4,Low
5,High
6,Medium
7,Medium
8,Medium
9,Medium
10,Low
11,Low
12,High
13,High
14,High
15,Medium
16,Medium
17,Medium
18,Low
19,Low
20,Medium
21,Low
22,High
23,Low
24,Low
25,High
26,High
27,High
28,Medium
29,High
30,Medium
31,High
32,High
33,Medium
34,Medium
35,Low
36,Low
37,Medium
38,Low
39,High
40,High
41,Low
42,High
43,Low
44,Low
45,High
46,Low
47,Low
48,Low
49,Low
50,Low
51,High
52,Low
53,High
54,Medium
55,Medium
56,High
57,Low
58,Medium
59,Low
60,Medium
61,Low
62,Low
63,High
64,Medium
65,High
66,High
67,High
68,High
69,High
70,Medium
71,High
72,High
73,Low
74,Medium
75,Low
76,High
77,Low
78,Low
79,High
80,Medium
81,High
82,High
83,High
84,Low
85,Low
86,Medium
87,Medium
88,Low
89,Low
90,Low
91,Low
92,Low
93,Medium
94,Medium
95,Medium
96,High
97,Low
98,High
99,High
100,High
101,Medium
102,Medium
103,Medium
104,Low
105,Medium
106,Low
107,Medium
108,Low
109,High
110,High
111,High
112,High
113,Low
114,Medium
115,Medium
116,Medium
117,Medium
118,Low
119,High
120,Low
121,Low
122,High
123,Low
124,High
125,High
126,Low
127,Medium
128,High
129,Low
130,High
131,Low
132,Medium
133,Medium
134,High
135,Low
136,High
137,Low
138,Medium
139,Medium
140,Medium
141,High
142,Medium
143,Low
144,High
145,Medium
146,Medium
147,Medium
148,Low
149,Low
150,High
151,Medium
152,Low
153,Low
154,Low
155,High
156,Low
157,Medium
158,Low
159,Low
160,High
161,High
162,Low
163,Medium
164,High
165,Medium
166,High
167,Low
168,Low
169,Medium
170,High
171,Low
172,Medium
173,Low
174,High
175,High
176,Medium
177,Medium
178,Low
179,Medium
180,Low
181,Low
182,Low
183,Medium
184,Low
185,Low
186,Low
187,Low
188,Low
189,High
190,Low
191,High
192,Low
193,High
194,High
195,Medium
196,High
197,High
198,High
199,Medium
200,Medium
201,Medium
202,Medium
203,Low
204,High
205,High
206,High
207,High
208,Low
209,Medium
210,High
211,Medium
212,Low
213,High
214,Low
215,Low
216,Medium
217,Medium
218,Medium
219,Medium
220,High
221,Medium
222,Medium
223,Low
224,Medium
225,High
226,Medium
227,High
228,Medium
229,Low
230,High
231,High
232,High
233,Low
234,Medium
235,Low
236,Low
237,Low
238,Medium
239,High
240,High
241,Low
242,Medium
243,High
244,High
245,Medium
246,High
247,High
248,Medium
249,Medium
250,High
251,Medium
252,Low
253,Low
254,Medium
255,Medium
256,High
257,Medium
258,Medium
259,High
260,Low
261,Medium
262,Low
263,Low
264,High
265,High
266,Medium
267,Medium
268,Low
269,Low
270,Medium
271,Low
272,Low
273,Low
274,High
275,Medium
276,High
277,Medium
278,Medium
279,Medium
280,Low
281,Medium
282,Medium
283,Low
284,High
285,High
286,Low
287,Low
288,Low
289,Low
290,High
291,High
292,Medium
293,Medium
294,Low
295,High
296,Medium
297,Low
298,Low
299,Low
300,High
301,High
302,Medium
303,Low
304,Low
305,Low
306,High
307,Medium
308,Medium
309,Low
310,Medium
311,Low
312,Low
313,High
314,High
315,High
316,High
317,Low
318,Low
319,High
320,Medium
321,High
322,Low
323,Medium
324,Medium
325,Medium
326,High
327,High
328,High
329,High
330,High
331,Medium
332,High
333,Low
334,Medium
335,Low
336,High
337,Medium
338,Low
339,Low
340,High
341,High
342,Medium
343,Low
344,Low
345,High
346,High
347,Low
348,Low
349,High
350,Medium
351,Low
352,High
353,High
354,Medium
355,High
356,Low
357,Low
358,Medium
359,High
360,Low
361,High
362,High
363,Medium
364,Low
365,Medium
366,High
367,Medium
368,Low
369,High
370,Low
371,High
372,Medium
373,Medium
374,Low
375,High
376,Medium
377,High
378,High
379,Medium
380,Low
381,Low
382,Low
383,Low
384,Low
385,Medium
386,Medium
387,High
388,Low
389,High
390,Medium
391,Medium
392,Medium
393,Medium
394,High
395,High
396,Low
397,Medium
398,Medium
399,Medium
400,Medium
401,Medium
402,Low
403,Low
404,High
405,Low
406,Low
407,Medium
408,Low
409,Low
410,Medium
411,Medium
412,Medium
413,Medium
414,Medium
415,Low
416,Low
417,Medium
418,High
419,Medium
420,High
421,High
422,Low
423,Low
424,High
425,Low
426,Low
427,High
428,Low
429,Medium
430,Low
431,Medium
432,High
433,Medium
434,Medium
435,High
436,Medium
437,Medium
438,Medium
439,Medium
440,Medium
441,High
442,High
443,Low
444,High
445,High
446,High
447,High
448,Medium
449,Low
450,Low
451,Medium
452,High
453,Low
454,Medium
455,Low
456,Low
457,Medium
458,High
459,Low
460,High
461,Medium
462,High
463,Low
464,Medium
465,Low
466,High
467,High
468,Low
469,High
470,Medium
471,Medium
472,High
473,Low
474,Medium
475,Low
476,Low
477,High
478,High
479,High
480,Low
481,Low
482,Low
483,Medium
484,Low
485,Medium
486,Medium
487,Low
488,Low
489,Low
490,Medium
491,High
492,Medium
493,Medium
494,High
495,Medium
496,Medium
497,Low
498,Medium
499,High
500,Medium
501,Low
502,Medium
503,Medium
504,High
505,Low
506,Low
507,High
508,Low
509,Low
510,Medium
511,High
512,High
513,Medium
514,Low
515,Low
516,High
517,Low
518,Low
519,Low
520,Medium
521,Medium
522,Medium
523,Low
524,Medium
525,High
526,Medium
527,High
528,Low
529,High
530,Low
531,Low
532,Low
533,Medium
534,High
535,High
536,Low
537,Medium
538,High
539,High
540,High
541,Medium
542,Medium
543,Medium
544,Low
545,High
546,High
547,Medium
548,High
549,High
550,Low
551,Medium
552,High
553,Medium
554,Low
555,High
556,High
557,High
558,High
559,Low
560,High
561,Low
562,High
563,Medium
564,Medium
565,Medium
566,Medium
567,Medium
568,Low
569,Medium
570,Low
571,Medium
572,Medium
573,Medium
574,Medium
575,Low
576,High
577,Low
578,Medium
579,Low
580,Medium
581,High
582,High
583,Low
584,Medium
585,Low
586,Medium
587,Low
588,Medium
589,Low
590,Low
591,Low
592,High
593,Low
594,High
595,High
596,Low
597,Low
598,Low
599,High
600,Medium
601,Medium
602,Medium
603,Medium
604,High
605,Low
606,Medium
607,Low
608,Low
609,Medium
610,Medium
611,Low
612,Medium
613,Low
614,Medium
615,Medium
616,High
617,High
618,Low
619,High
620,Medium
621,Low
622,Low
623,High
624,High
625,Low
626,Low
627,Low
628,Low
629,Low
630,High
631,Medium
632,High
633,Medium
634,High
635,Low
636,Low
637,Medium
638,Medium
639,Low
640,Medium
641,High
642,Medium
643,Low
644,Medium
645,Low
646,Medium
647,High
648,Low
649,High
650,High
651,Medium
652,Medium
653,Medium
654,High
655,Low
656,High
657,High
658,High
659,Medium
660,High
661,Medium
662,Low
663,Low
664,Medium
665,High
666,Low
667,Medium
668,High
669,Low
670,Low
671,Low
672,Low
673,Medium
674,High
675,Low
676,High
677,Medium
678,Low
679,High
680,High
681,Medium
682,Low
683,Low
684,Low
685,Low
686,Low
687,Medium
688,Medium
689,High
690,Low
691,High
692,Low
693,Medium
694,High
695,Low
696,High
697,High
698,Medium
699,Low
700,Low
701,Low
702,Medium
703,Medium
704,Low
705,High
706,Low
707,Low
708,High
709,Low
710,High
711,High
712,Low
713,High
714,Medium
715,Low
716,High
717,Low
718,High
719,Low
720,Medium
721,Low
722,Low
723,Low
724,Medium
725,Medium
726,High
727,High
728,Medium
729,Medium
730,High
731,Low
732,Low
733,High
734,High
735,High
736,High
737,High
738,High
739,Low
740,Medium
741,High
742,Medium
743,Medium
744,High
745,High
746,Low
747,Medium
748,High
749,Medium
750,Low
751,Low
752,Medium
753,Low
754,High
755,Medium
756,Low
757,Medium
758,Medium
759,High
760,Medium
761,Medium
762,Medium
763,High
764,High
765,Medium
766,High
767,High
768,Medium
769,Medium
770,Low
771,Low
772,High
773,Low
774,Medium
775,High
776,Low
777,Medium
778,Medium
779,Low
780,Low
781,High
782,Low
783,Low
784,Medium
785,High
786,Medium
787,High
788,High
789,High
790,Low
791,High
792,High
793,High
794,Medium
795,Medium
796,Medium
797,High
798,High
799,Medium
800,High
801,Low
802,Medium
803,Low
804,High
805,High
806,Low
807,Low
808,Low
809,High
810,Low
811,Medium
812,High
813,Medium
814,High
815,High
816,Medium
817,High
818,Medium
819,Low
820,High
821,Low
822,High
823,Low
824,High
825,Low
826,High
827,High
828,Low
829,High
830,Medium
831,High
832,High
833,High
834,High
835,Low
836,Low
837,Low
838,Low
839,High
840,Medium
841,High
842,Low
843,Medium
844,High
845,High
846,Medium
847,Medium
848,Medium
849,Low
850,Medium
851,High
852,High
853,Medium
854,Medium
855,Low
856,Medium
857,Low
858,Low
859,Low
860,High
861,Medium
862,Medium
863,Medium
864,High
865,High
866,Low
867,High
868,High
869,Medium
870,Medium
871,Medium
872,Medium
873,Medium
874,Low
875,Low
876,High
877,Medium
878,Medium
879,Low
880,Medium
881,Low
882,High
883,Medium
884,Low
885,Medium
886,High
887,Medium
888,High
889,Low
890,High
891,Low
892,Medium
893,Low
894,Low
895,High
896,Low
897,Medium
898,Medium
899,Low
900,Medium
901,Medium
902,Low
903,High
904,Medium
905,Medium
906,Medium
907,High
908,Medium
909,Low
910,Low
911,Medium
912,High
913,High
914,High
915,Low
916,High
917,High
918,High
919,Low
920,Medium
921,High
922,Low
923,High
924,Medium
925,Medium
926,Low
927,Low
928,Medium
929,High
930,Low
931,Low
932,Medium
933,Medium
934,High
935,Low
936,Low
937,Medium
938,Low
939,High
940,Low
941,Medium
942,High
943,Low
944,Low
945,High
946,Medium
947,Low
948,Low
949,Medium
950,High
951,High
952,Low
953,Low
954,High
955,Medium
956,High
957,High
958,Low
959,Medium
960,Low
961,Medium
962,Medium
963,High
964,Medium
965,Low
966,High
967,High
968,Low
969,Medium
970,High
971,High
972,Low
973,Medium
974,High
975,Low
976,Medium
977,High
978,Low
979,High
980,Low
981,Low
982,High
983,High
984,Medium
985,High
986,Low
987,High
988,High
989,Low
990,Medium
991,High
992,Medium
993,Medium
994,Medium
995,High
996,Medium
997,Medium
998,Medium
999,High
1000,High
